대학명,지역,전형구분,군,학과명,모집인원,국어비율,수학비율,영어비율,탐구비율,한국사비율,과목별반영비율,비고
강원대학교,강원,정시,가군,농업생명과,6,,,,10%,,탐구:10%,
건국대학교,서울,정시,나군,공통과,12,50%,,,,,국어:50%,
경기대학교,경기,정시,,사회과,20,35%,30%,20%,,,국어:35% | 수학:30% | 영어:20%,
경상국립대학교,경남,정시,다군,스포츠헬스케어학과,2,,,,20%,,탐구:20%,
경상국립대학교,경남,정시,나군,건축공학과,649,,,,20%,,탐구:20%,
경성대학교,부산,정시,,정시 일반전형 사진학과,5,25%,30%,20%,25%,,국어:25% | 수학:30% | 영어:20% | 탐구:25%,
경성대학교,부산,정시,,전체 전체 부,5,25%,30%,20%,25%,,국어:25% | 수학:30% | 영어:20% | 탐구:25%,
경성대학교,부산,정시,다군,학교생활기록부,10,25%,30%,20%,25%,,국어:25% | 수학:30% | 영어:20% | 탐구:25%,
경성대학교,부산,정시,다군,학생부 교과,5,25%,30%,20%,25%,,국어:25% | 수학:30% | 영어:20% | 탐구:25%,
경일대학교,경북,정시,가군,영어 등급별 점수 부,3,,,,5%,,탐구:5%,
경일대학교,경북,정시,가군,학년도 재외국민과,00,,,,5%,,탐구:5%,
경일대학교,경북,정시,가군,수시 전교육과,00,,,,5%,,탐구:5%,
경일대학교,경북,정시,가군,년 이상 우리나라 학교 교육과,00,,,,5%,,탐구:5%,
계명대학교,대구,정시,다군,전공 지원전공과,3,,,100%,,,영어:100%,
국민대학교,서울,정시,가군,자유전공,763,40%,30%,10%,,,국어:40% | 수학:30% | 영어:10%,
국민대학교,서울,정시,가군,기업융합법학과,46,50%,40%,20%,,,국어:50% | 수학:40% | 영어:20%,
국민대학교,서울,정시,가군,기업경영학부,98,50%,40%,20%,,,국어:50% | 수학:40% | 영어:20%,
국민대학교,서울,정시,가군,회계세무학과,12,50%,40%,20%,,,국어:50% | 수학:40% | 영어:20%,
국민대학교,서울,정시,가군,명 중 미래모빌리티학과,105,50%,40%,20%,,,국어:50% | 수학:40% | 영어:20%,
국민대학교,서울,정시,가군,모집단위별 세부,550,50%,40%,20%,,,국어:50% | 수학:40% | 영어:20%,
국민대학교,서울,정시,가군,모집단위별 세부,70,50%,40%,20%,,,국어:50% | 수학:40% | 영어:20%,
국민대학교,서울,정시,가군,모집단위별 세부,723,50%,40%,20%,,,국어:50% | 수학:40% | 영어:20%,
국민대학교,서울,정시,가군,모집단위별 세부,29,50%,40%,20%,,,국어:50% | 수학:40% | 영어:20%,
국민대학교,서울,정시,가군,모집단위별 세부,10,50%,40%,20%,,,국어:50% | 수학:40% | 영어:20%,
국민대학교,서울,정시,가군,모집단위별 세부,122,50%,40%,20%,,,국어:50% | 수학:40% | 영어:20%,
국민대학교,서울,정시,가군,모집단위별 세부,20,50%,40%,20%,,,국어:50% | 수학:40% | 영어:20%,
국민대학교,서울,정시,가군,모집단위별 세부,100,50%,40%,20%,,,국어:50% | 수학:40% | 영어:20%,
국민대학교,서울,정시,가군,모집단위별 세부,57,50%,40%,20%,,,국어:50% | 수학:40% | 영어:20%,
국민대학교,서울,정시,가군,모집단위별 세부,156,50%,40%,20%,,,국어:50% | 수학:40% | 영어:20%,
국민대학교,서울,정시,가군,모집단위별 세부,237,50%,40%,20%,,,국어:50% | 수학:40% | 영어:20%,
국민대학교,서울,정시,가군,모집계열,1,50%,40%,20%,,,국어:50% | 수학:40% | 영어:20%,
국민대학교,서울,정시,가군,디자인학과 디자인학과 공예학과 공예학과 디자인학과 디자인학과 디자인학과 디자인학과 디자인학,10,50%,40%,20%,,,국어:50% | 수학:40% | 영어:20%,
국민대학교,서울,정시,가군,일 이후에 본교가 주최하는 조형실기대회 및 산업통상자원부,15,50%,40%,20%,,,국어:50% | 수학:40% | 영어:20%,
국민대학교,서울,정시,가군,공연예술학부 연극전공,20,50%,40%,20%,,,국어:50% | 수학:40% | 영어:20%,
국민대학교,서울,정시,가군,공연예술학부 영화전공,13,50%,40%,20%,,,국어:50% | 수학:40% | 영어:20%,
국민대학교,서울,정시,가군,공연예술학부 무용전공,26,50%,40%,20%,,,국어:50% | 수학:40% | 영어:20%,
국민대학교,서울,정시,가군,미술학부 회화전공,10,50%,40%,20%,,,국어:50% | 수학:40% | 영어:20%,
국민대학교,서울,정시,가군,재외국민과,56,50%,40%,20%,,,국어:50% | 수학:40% | 영어:20%,
군산대학교2028,전북,정시,,가산점 부,921,,,,10%,,탐구:10%,
군산대학교2028,전북,정시,,학생부교과,303,,,,10%,,탐구:10%,
군산대학교2028,전북,정시,,학생부,388,,,,10%,,탐구:10%,
군산대학교2028,전북,정시,,학생부교과,24,,,,10%,,탐구:10%,
군산대학교2028,전북,정시,,학생부,3,,,,10%,,탐구:10%,
군산대학교2028,전북,정시,,는 간호학부,921,,,,10%,,탐구:10%,
군산대학교2028,전북,정시,,학생부,8,,,,10%,,탐구:10%,
군산대학교2028,전북,정시,,체육학부,15,,,,10%,,탐구:10%,
군산대학교2028,전북,정시,,세세세세세세세세세세세세세세부부부부부부부부부부부부부부,16,,,,10%,,탐구:10%,
군산대학교2028,전북,정시,가군,학생 재학기간과,15,,,,10%,,탐구:10%,
금오공과대학교,경북,정시,다군,학생부교과,462,,10%,,,,수학:10%,
금오공과대학교,경북,정시,다군,학생부교과,202,,10%,,,,수학:10%,
금오공과대학교,경북,정시,다군,학생부교과,40,,10%,,,,수학:10%,
금오공과대학교,경북,정시,다군,학생부교과,11,,10%,,,,수학:10%,
금오공과대학교,경북,정시,다군,학생부교과,18,,10%,,,,수학:10%,
금오공과대학교,경북,정시,다군,학생부교과,49,,10%,,,,수학:10%,
금오공과대학교,경북,정시,다군,학생부,222,,10%,,,,수학:10%,
금오공과대학교,경북,정시,다군,학생부,65,,10%,,,,수학:10%,
금오공과대학교,경북,정시,가군,학교생활기록부,61,,10%,,,,수학:10%,
금오공과대학교,경북,정시,다군,수시모집 학생부교과,72,,10%,,,,수학:10%,
금오공과대학교,경북,정시,다군,학생부교과,5,,10%,,,,수학:10%,
금오공과대학교,경북,정시,다군,학생부교과,15,,10%,,,,수학:10%,
금오공과대학교,경북,정시,다군,학생부교과,15,,10%,,,,수학:10%,
금오공과대학교,경북,정시,다군,국립금오공과,24,,10%,,,,수학:10%,
금오공과대학교,경북,정시,다군,건축토목환경공학부,9,,10%,,,,수학:10%,
금오공과대학교,경북,정시,다군,기계공학부,14,,10%,,,,수학:10%,
금오공과대학교,경북,정시,다군,기계공학부,6,,10%,,,,수학:10%,
금오공과대학교,경북,정시,다군,빅데이터공학부,7,,10%,,,,수학:10%,
금오공과대학교,경북,정시,다군,재료공학부,10,,10%,,,,수학:10%,
금오공과대학교,경북,정시,다군,고분자공학전공,24,,10%,,,,수학:10%,
금오공과대학교,경북,정시,다군,전자공학부,14,,10%,,,,수학:10%,
금오공과대학교,경북,정시,다군,컴퓨터공학부 인공지능공학전공,11,,10%,,,,수학:10%,
금오공과대학교,경북,정시,다군,화학소재공학부 화학공학전공,7,,10%,,,,수학:10%,
금오공과대학교,경북,정시,다군,광시스템공학과,2,,10%,,,,수학:10%,
금오공과대학교,경북,정시,다군,바이오메디컬공학과,3,,10%,,,,수학:10%,
금오공과대학교,경북,정시,다군,경영학과,2,,10%,,,,수학:10%,
금오공과대학교,경북,정시,다군,고등학교 전 과,85,,10%,,,,수학:10%,
금오공과대학교,경북,정시,다군,를 초과,1,,10%,,,,수학:10%,
금오공과대학교,경북,정시,다군,국외고 학생부 교과,1,,10%,,,,수학:10%,
대구가톨릭대학교,경북,정시,다군,각 실기과목별 제시물과,12,,,20%,,,영어:20%,
대구가톨릭대학교,경북,정시,다군,전 교육과,00,,,20%,,,영어:20%,
대진대학교,경기,정시,나군,이공계열,65,,15%,,,,수학:15%,
동덕여자대학교,서울,정시,가군,자연정보융합학부,30,,100%,,,,수학:100%,
동덕여자대학교,서울,정시,나군,실용음악전공,4,,100%,,,,수학:100%,
동아대학교,부산,정시,가군,신소재공학과,6,25%,25%,25%,30%,,국어:25% | 수학:25% | 영어:25% | 탐구:30%,
명지대학교,서울,정시,,수능 농어촌학생 인문사회계열,12,,,,10%,,탐구:10%,
명지대학교,서울,정시,다군,명의 면접위원과,3,,,,10%,,탐구:10%,
명지대학교,서울,정시,다군,명의 면접위원과,3,,,,10%,,탐구:10%,
명지대학교,서울,정시,다군,명의 면접위원과,3,,,,10%,,탐구:10%,
명지대학교,서울,정시,다군,명의 면접위원과,3,,,,10%,,탐구:10%,
명지대학교,서울,정시,다군,명의 면접위원과,2,,,,10%,,탐구:10%,
명지대학교,서울,정시,다군,명의 면접위원과,2,,,,10%,,탐구:10%,
명지대학교,서울,정시,다군,명의 면접위원과,3,,,,10%,,탐구:10%,
명지대학교,서울,정시,나군,명의 면접위원과,3,,,,10%,,탐구:10%,
목포대학교2028,전남,정시,,자연계열지원자의 경우 과,4,,,,5%,,탐구:5%,
배재대학교,대전,정시,다군,반영 교과 과목 수 반영 교과 과,4,50%,50%,50%,,,국어:50% | 수학:50% | 영어:50%,
배재대학교,대전,정시,다군,한국 또는 외국에서 고등학교 과,0,50%,50%,50%,,,국어:50% | 수학:50% | 영어:50%,
배재대학교,대전,정시,다군,명 미만인 경우 해당 과,10,50%,50%,50%,,,국어:50% | 수학:50% | 영어:50%,
부산가톨릭대학교,부산,정시,,전체 과,380,,100%,,,,수학:100%,
부산대학교,부산,정시,가군,학생부,463,,,,40%,,탐구:40%,
부산대학교,부산,정시,가군,학생부,569,,,,40%,,탐구:40%,
부산대학교,부산,정시,가군,학생부,131,,,,50%,,탐구:50%,
부산대학교,부산,정시,가군,학생부,38,,,,50%,,탐구:50%,
부산대학교,부산,정시,가군,학생부,150,,,,50%,,탐구:50%,
부산대학교,부산,정시,가군,학생부,87,,,,40%,,탐구:40%,
부산대학교,부산,정시,가군,특수교육대상자전형은 단과,1,,,,40%,,탐구:40%,
부산대학교,부산,정시,가군,학생부,197,,,,40%,,탐구:40%,
부산대학교,부산,정시,가군,무용학과,8,,,,40%,,탐구:40%,
부산대학교,부산,정시,가군,개정 교육과,382,,,,40%,,탐구:40%,
부산대학교,부산,정시,가군,인원으로 인해 정시모집으로 이월된 경우 각 모집단위별 실기 내용은 수시모집과,61,,,,40%,,탐구:40%,
상명대학교,서울,정시,나군,학생부교과,349,,10%,,5%,,수학:10% | 탐구:5%,
상명대학교,서울,정시,나군,학생부,155,,10%,,5%,,수학:10% | 탐구:5%,
상명대학교,서울,정시,나군,학생부,70,,10%,,5%,,수학:10% | 탐구:5%,
상명대학교,서울,정시,나군,학생부,144,,10%,,5%,,수학:10% | 탐구:5%,
상명대학교,서울,정시,나군,고등학교를 졸업하거나 평생교육시설의 교육과,5,,10%,,5%,,수학:10% | 탐구:5%,
상명대학교,서울,정시,나군,모집계열 모집단위 모집인원 모집계열,98,,10%,,5%,,수학:10% | 탐구:5%,
상명대학교,서울,정시,나군,학교생활기록부 교과,138,,10%,,5%,,수학:10% | 탐구:5%,
상명대학교,서울,정시,나군,학생부교과,6,,10%,,5%,,수학:10% | 탐구:5%,
상명대학교,서울,정시,나군,학생부,7,,10%,,5%,,수학:10% | 탐구:5%,
상명대학교,서울,정시,나군,고사시행 안내 등 세부,491,,10%,,5%,,수학:10% | 탐구:5%,
상명대학교,서울,정시,나군,모집단위별 실기고사 세부,52,,10%,,5%,,수학:10% | 탐구:5%,
상명대학교,서울,정시,나군,부모의 거주는 각각의 주민등록상 거주기록과,20,,10%,,5%,,수학:10% | 탐구:5%,
상명대학교,서울,정시,나군,고등학교를 졸업하거나 평생교육시설의 교육과,5,,10%,,5%,,수학:10% | 탐구:5%,
상지대학교,강원,정시,다군,자 유 전 공 학 부,5,25%,35%,20%,20%,,국어:25% | 수학:35% | 영어:20% | 탐구:20%,
상지대학교,강원,정시,다군,생활체육학전공,3,25%,35%,20%,20%,,국어:25% | 수학:35% | 영어:20% | 탐구:20%,
서울과학기술대학교,서울,정시,가군,행정학과,10,,,20%,,,영어:20%,
서울시립대학교,서울,정시,,학생부교과,20,,,,3%,,탐구:3%,
서울시립대학교,서울,정시,나군,학교생활기록부에 기재된 학교폭력 조치사항 등에 대하여 감점 등의 불이익을 부,86,,,,3%,,탐구:3%,
서울시립대학교,서울,정시,나군,학교생활기록부에 기재된 학교폭력 조치사항 등에 대하여 감점 등의 불이익을 부,346,,,,3%,,탐구:3%,
서울시립대학교,서울,정시,나군,학교생활기록부에 기재된 학교폭력 조치사항 등에 대하여 감점 등의 불이익을 부,424,,,,3%,,탐구:3%,
서울시립대학교,서울,정시,나군,동일계열 교과,132,,,,3%,,탐구:3%,
서울시립대학교,서울,정시,나군,보건복지부장관으로부,46,,,,3%,,탐구:3%,
서울시립대학교,서울,정시,나군,실기과,37,,,,3%,,탐구:3%,
서울시립대학교,서울,정시,나군,학생부교과,674,,,,3%,,탐구:3%,
서울시립대학교,서울,정시,나군,실기과,57,,,,3%,,탐구:3%,
서울시립대학교,서울,정시,나군,실기고사 과,34,,,,3%,,탐구:3%,
서울시립대학교,서울,정시,나군,계열별 대학수학능력시험 반영영역 및 지정과,25,,,,3%,,탐구:3%,
서울시립대학교,서울,정시,나군,계열별 대학수학능력시험 반영영역 및 지정과,102,,,,3%,,탐구:3%,
서울시립대학교,서울,정시,나군,계열별 대학수학능력시험 반영영역 및 지정과,10,,,,3%,,탐구:3%,
서울시립대학교,서울,정시,나군,학교생활기록부에 기재된 학교폭력 조치사항 등에 대하여 감점 등의 불이익을 부,86,,,,3%,,탐구:3%,
서울시립대학교,서울,정시,나군,학생부,346,,,,3%,,탐구:3%,
서울시립대학교,서울,정시,나군,학생부,424,,,,3%,,탐구:3%,
서울시립대학교,서울,정시,나군,학생부,132,,,,3%,,탐구:3%,
서울시립대학교,서울,정시,나군,학생부,46,,,,3%,,탐구:3%,
서울시립대학교,서울,정시,나군,학교생활기록부,37,,,,3%,,탐구:3%,
서울시립대학교,서울,정시,나군,음악학과,8,,,,3%,,탐구:3%,
서울시립대학교,서울,정시,나군,디자인학과,14,,,,3%,,탐구:3%,
서울시립대학교,서울,정시,나군,자연계열,644,,,,3%,,탐구:3%,
서울시립대학교,서울,정시,나군,스포츠과학과,30,,,,3%,,탐구:3%,
서울시립대학교,서울,정시,나군,디자인학과,57,,,,3%,,탐구:3%,
서울시립대학교,서울,정시,나군,자연계열,102,,,,3%,,탐구:3%,
서울시립대학교,서울,정시,나군,년 전 과,34,,,,3%,,탐구:3%,
서울시립대학교,서울,정시,나군,계열별 대학수학능력시험 반영영역 및 지정과,25,,,,3%,,탐구:3%,
서울시립대학교,서울,정시,나군,계열별 대학수학능력시험 반영영역 및 지정과,33,,,,3%,,탐구:3%,
서울시립대학교,서울,정시,나군,계열별 대학수학능력시험 반영영역 및 지정과,10,,,,3%,,탐구:3%,
성공회대학교,서울,정시,나군,미래융합학부,2,,10%,,,,수학:10%,
성공회대학교,서울,정시,나군,학생부,3,,10%,,,,수학:10%,
세명대학교,충북,정시,다군,간호학과,2,30%,40%,,5%,,국어:30% | 수학:40% | 탐구:5%,
세명대학교,충북,정시,나군,학생부교과,847,30%,5%,10%,15%,,국어:30% | 수학:5% | 영어:10% | 탐구:15%,
세명대학교,충북,정시,나군,학생부교과,236,30%,5%,10%,15%,,국어:30% | 수학:5% | 영어:10% | 탐구:15%,
세명대학교,충북,정시,나군,학생부교과,27,30%,5%,10%,15%,,국어:30% | 수학:5% | 영어:10% | 탐구:15%,
세명대학교,충북,정시,나군,학생부교과,95,30%,5%,10%,15%,,국어:30% | 수학:5% | 영어:10% | 탐구:15%,
세명대학교,충북,정시,나군,학생부교과,4,30%,5%,10%,15%,,국어:30% | 수학:5% | 영어:10% | 탐구:15%,
세명대학교,충북,정시,나군,학생부교과,41,30%,5%,10%,15%,,국어:30% | 수학:5% | 영어:10% | 탐구:15%,
세명대학교,충북,정시,나군,학생부교과,93,30%,5%,10%,15%,,국어:30% | 수학:5% | 영어:10% | 탐구:15%,
세명대학교,충북,정시,나군,학생부,31,30%,5%,10%,15%,,국어:30% | 수학:5% | 영어:10% | 탐구:15%,
세명대학교,충북,정시,나군,학생부교과,35,30%,5%,10%,15%,,국어:30% | 수학:5% | 영어:10% | 탐구:15%,
세명대학교,충북,정시,나군,학생부교과,10,30%,5%,10%,15%,,국어:30% | 수학:5% | 영어:10% | 탐구:15%,
세명대학교,충북,정시,나군,학생부교과,35,30%,5%,10%,15%,,국어:30% | 수학:5% | 영어:10% | 탐구:15%,
세명대학교,충북,정시,나군,의 학생부 교과,66,30%,5%,10%,15%,,국어:30% | 수학:5% | 영어:10% | 탐구:15%,
세명대학교,충북,정시,나군,특성화고교졸업자전형의 경우 동일 계열 인정 전문교과,1,30%,5%,10%,15%,,국어:30% | 수학:5% | 영어:10% | 탐구:15%,
송원대학교,광주,정시,가군,국어교과,10,100%,,,,,국어:100%,
송원대학교,광주,정시,나군,탐구영역반영은 사회 및 과,3,30%,20%,20%,25%,5%,국어:30% | 수학:20% | 영어:20% | 탐구:25% | 한국사:5%,
송원대학교,광주,정시,나군,모집학과 모집학과,3,30%,20%,20%,25%,5%,국어:30% | 수학:20% | 영어:20% | 탐구:25% | 한국사:5%,
수원대학교,경기,정시,다군,전형 유형별로 반영하는 과,10,30%,,,,,국어:30%,
수원대학교,경기,정시,다군,학업계획 및 포부,3,30%,30%,,,,국어:30% | 수학:30%,
순천향대학교,충남,정시,,보건행정경영학전공,3,20%,30%,30%,20%,,국어:20% | 수학:30% | 영어:30% | 탐구:20%,
순천향대학교,충남,정시,나군,학생부교과,5,20%,30%,30%,20%,,국어:20% | 수학:30% | 영어:30% | 탐구:20%,
순천향대학교,충남,정시,나군,학생부교과,1,20%,30%,30%,20%,,국어:20% | 수학:30% | 영어:30% | 탐구:20%,
순천향대학교,충남,정시,나군,지역유형 학생부교과,4,20%,30%,30%,20%,,국어:20% | 수학:30% | 영어:30% | 탐구:20%,
순천향대학교,충남,정시,나군,학생부교과,3,20%,30%,30%,20%,,국어:20% | 수학:30% | 영어:30% | 탐구:20%,
순천향대학교,충남,정시,나군,학생부교과,3,20%,30%,30%,20%,,국어:20% | 수학:30% | 영어:30% | 탐구:20%,
순천향대학교,충남,정시,나군,지역유형 학생부교과,7,20%,30%,30%,20%,,국어:20% | 수학:30% | 영어:30% | 탐구:20%,
순천향대학교,충남,정시,나군,스포츠과학과 스포츠응용산업학과 디지털애니메이션학과,16,20%,30%,30%,20%,,국어:20% | 수학:30% | 영어:30% | 탐구:20%,
순천향대학교,충남,정시,나군,스포츠과학과 스포츠응용산업학과,5,20%,30%,30%,20%,,국어:20% | 수학:30% | 영어:30% | 탐구:20%,
순천향대학교,충남,정시,다군,스포츠과학과 스포츠응용산업학과 공연영상학과,10,20%,30%,30%,20%,,국어:20% | 수학:30% | 영어:30% | 탐구:20%,
신한대학교,경기,정시,가군,품새전공,8,50%,50%,,,,국어:50% | 수학:50%,
신한대학교,경기,정시,가군,실내디자인학과,26,50%,50%,,,,국어:50% | 수학:50%,
신한대학교,경기,정시,가군,시범문화전공,2,50%,50%,,,,국어:50% | 수학:50%,
신한대학교,경기,정시,가군,학생부 교과,375,50%,50%,,,,국어:50% | 수학:50%,
신한대학교,경기,정시,가군,학생부,140,50%,50%,,,,국어:50% | 수학:50%,
신한대학교,경기,정시,가군,학생부 교과,37,50%,50%,,,,국어:50% | 수학:50%,
신한대학교,경기,정시,가군,학생부 교과,24,50%,50%,,,,국어:50% | 수학:50%,
신한대학교,경기,정시,가군,학생부 교과,16,50%,50%,,,,국어:50% | 수학:50%,
신한대학교,경기,정시,가군,석차등급이 있는 과,169,50%,50%,,,,국어:50% | 수학:50%,
신한대학교,경기,정시,가군,학생부,179,50%,50%,,,,국어:50% | 수학:50%,
신한대학교,경기,정시,가군,학생부,12,50%,50%,,,,국어:50% | 수학:50%,
신한대학교,경기,정시,가군,학생부,74,50%,50%,,,,국어:50% | 수학:50%,
신한대학교,경기,정시,가군,교과 및 비교과,19,50%,50%,,,,국어:50% | 수학:50%,
신한대학교,경기,정시,가군,학생부,218,50%,50%,,,,국어:50% | 수학:50%,
신한대학교,경기,정시,가군,공연예술학과,37,50%,50%,,,,국어:50% | 수학:50%,
신한대학교,경기,정시,가군,의정부,26,50%,50%,,,,국어:50% | 수학:50%,
영남대학교,경북,정시,가군,학생부교과,10,,5%,,,,수학:5%,
영남대학교,경북,정시,가군,학생부교과,2,,5%,,,,수학:5%,
영남대학교,경북,정시,가군,학생부교과,5,,5%,,,,수학:5%,
영남대학교,경북,정시,가군,군사학과,30,,5%,,,,수학:5%,
영남대학교,경북,정시,가군,학생부,11,,5%,,,,수학:5%,
영남대학교,경북,정시,가군,체육학부,22,,5%,,,,수학:5%,
영남대학교,경북,정시,가군,특수체육교육과,10,,5%,,,,수학:5%,
영남대학교,경북,정시,가군,생활체육 특수체육교육과,4,,5%,,,,수학:5%,
영남대학교,경북,정시,가군,주 포지션이 지원하는 포지션과,2,,5%,,,,수학:5%,
영남대학교,경북,정시,가군,학생부교과,5,,5%,,,,수학:5%,
영남대학교,경북,정시,가군,스마트모빌리티학과,30,,5%,,,,수학:5%,
원광대학교,전북,정시,,고등학교를 졸업하거나 평생교육시설의 교육과,5,20%,20%,20%,20%,20%,국어:20% | 수학:20% | 영어:20% | 탐구:20% | 한국사:20%,
위덕대학교,경북,정시,나군,간호학과,6,100%,,,,,국어:100%,
위덕대학교,경북,정시,나군,물리치료학과,2,100%,,,,,국어:100%,
위덕대학교,경북,정시,나군,학교생활기록부,8,100%,,,,,국어:100%,
위덕대학교,경북,정시,나군,체육학부,8,100%,,,,,국어:100%,
위덕대학교,경북,정시,나군,체육학부,6,100%,,,,,국어:100%,
위덕대학교,경북,정시,나군,체육학부,8,100%,,,,,국어:100%,
위덕대학교,경북,정시,나군,체육학부,6,100%,,,,,국어:100%,
인제대학교,경남,정시,가군,컴퓨터공학과,0,25%,25%,25%,,,국어:25% | 수학:25% | 영어:25%,
인제대학교,경남,정시,가군,번 모두 파울하면 최하점을 부,1,25%,25%,25%,,,국어:25% | 수학:25% | 영어:25%,
인제대학교,경남,정시,가군,최하점을 부,1,25%,25%,25%,,,국어:25% | 수학:25% | 영어:25%,
전남대학교2028,미상,정시,가군,국제협력과,35,,50%,,,,수학:50%,
전북대학교2028,미상,정시,,수학과학교육계열,2,,15%,,,,수학:15%,
전주대학교,전북,정시,다군,운동처방학과,4,30%,30%,30%,,30%,국어:30% | 수학:30% | 영어:30% | 한국사:30%,
전주대학교,전북,정시,다군,축구학과,8,30%,30%,30%,,30%,국어:30% | 수학:30% | 영어:30% | 한국사:30%,
전주대학교,전북,정시,다군,생활체육학과,8,30%,30%,30%,,30%,국어:30% | 수학:30% | 영어:30% | 한국사:30%,
전주대학교,전북,정시,다군,전형방법 및 실기고사 과,4,30%,30%,30%,,30%,국어:30% | 수학:30% | 영어:30% | 한국사:30%,
전주대학교,전북,정시,다군,동물보건학과,2,30%,30%,30%,,30%,국어:30% | 수학:30% | 영어:30% | 한국사:30%,
전주대학교,전북,정시,다군,인문콘 사회 중국어중국학과,3,30%,30%,30%,,30%,국어:30% | 수학:30% | 영어:30% | 한국사:30%,
전주대학교,전북,정시,다군,경찰학과,2,30%,30%,30%,,30%,국어:30% | 수학:30% | 영어:30% | 한국사:30%,
전주대학교,전북,정시,다군,문헌정보학과,2,30%,30%,30%,,30%,국어:30% | 수학:30% | 영어:30% | 한국사:30%,
전주대학교,전북,정시,다군,사회 인문 법학과,2,30%,30%,30%,,30%,국어:30% | 수학:30% | 영어:30% | 한국사:30%,
전주대학교,전북,정시,다군,대학 사회 사회복지학과,3,30%,30%,30%,,30%,국어:30% | 수학:30% | 영어:30% | 한국사:30%,
전주대학교,전북,정시,다군,상담심리학과,2,30%,30%,30%,,30%,국어:30% | 수학:30% | 영어:30% | 한국사:30%,
전주대학교,전북,정시,다군,행정학과,2,30%,30%,30%,,30%,국어:30% | 수학:30% | 영어:30% | 한국사:30%,
전주대학교,전북,정시,다군,경영 인문 회계세무학과,3,30%,30%,30%,,30%,국어:30% | 수학:30% | 영어:30% | 한국사:30%,
전주대학교,전북,정시,다군,간호학과,1,30%,30%,30%,,30%,국어:30% | 수학:30% | 영어:30% | 한국사:30%,
전주대학교,전북,정시,다군,물리치료학과,3,30%,30%,30%,,30%,국어:30% | 수학:30% | 영어:30% | 한국사:30%,
전주대학교,전북,정시,다군,보건 방사선학과,3,30%,30%,30%,,30%,국어:30% | 수학:30% | 영어:30% | 한국사:30%,
전주대학교,전북,정시,다군,보건관리학과,3,30%,30%,30%,,30%,국어:30% | 수학:30% | 영어:30% | 한국사:30%,
전주대학교,전북,정시,다군,대학 작업치료학과,3,30%,30%,30%,,30%,국어:30% | 수학:30% | 영어:30% | 한국사:30%,
전주대학교,전북,정시,다군,식품영양학과,2,30%,30%,30%,,30%,국어:30% | 수학:30% | 영어:30% | 한국사:30%,
전주대학교,전북,정시,다군,예체능 운동처방학과,2,30%,30%,30%,,30%,국어:30% | 수학:30% | 영어:30% | 한국사:30%,
전주대학교,전북,정시,다군,재활학과,2,30%,30%,30%,,30%,국어:30% | 수학:30% | 영어:30% | 한국사:30%,
전주대학교,전북,정시,다군,건축공학과,2,30%,30%,30%,,30%,국어:30% | 수학:30% | 영어:30% | 한국사:30%,
전주대학교,전북,정시,다군,건축학과,3,30%,30%,30%,,30%,국어:30% | 수학:30% | 영어:30% | 한국사:30%,
전주대학교,전북,정시,다군,토목환경공학과,2,30%,30%,30%,,30%,국어:30% | 수학:30% | 영어:30% | 한국사:30%,
전주대학교,전북,정시,다군,기계공학과,2,30%,30%,30%,,30%,국어:30% | 수학:30% | 영어:30% | 한국사:30%,
전주대학교,전북,정시,다군,공학 기계자동차공학과,2,30%,30%,30%,,30%,국어:30% | 수학:30% | 영어:30% | 한국사:30%,
전주대학교,전북,정시,다군,소방안전공학과,3,30%,30%,30%,,30%,국어:30% | 수학:30% | 영어:30% | 한국사:30%,
전주대학교,전북,정시,다군,신소재화학공학과,2,30%,30%,30%,,30%,국어:30% | 수학:30% | 영어:30% | 한국사:30%,
전주대학교,전북,정시,다군,전기전자공학과,2,30%,30%,30%,,30%,국어:30% | 수학:30% | 영어:30% | 한국사:30%,
전주대학교,전북,정시,다군,정보통신공학과,2,30%,30%,30%,,30%,국어:30% | 수학:30% | 영어:30% | 한국사:30%,
전주대학교,전북,정시,다군,데이터사이언스학과,2,30%,30%,30%,,30%,국어:30% | 수학:30% | 영어:30% | 한국사:30%,
전주대학교,전북,정시,다군,웨어 스마트미디어학과,3,30%,30%,30%,,30%,국어:30% | 수학:30% | 영어:30% | 한국사:30%,
전주대학교,전북,정시,다군,융합 인공지능학과,2,30%,30%,30%,,30%,국어:30% | 수학:30% | 영어:30% | 한국사:30%,
전주대학교,전북,정시,다군,컴퓨터공학과,2,30%,30%,30%,,30%,국어:30% | 수학:30% | 영어:30% | 한국사:30%,
전주대학교,전북,정시,다군,공학 게임콘텐츠학과,3,30%,30%,30%,,30%,국어:30% | 수학:30% | 영어:30% | 한국사:30%,
전주대학교,전북,정시,다군,산업디자인학과,2,30%,30%,30%,,30%,국어:30% | 수학:30% | 영어:30% | 한국사:30%,
전주대학교,전북,정시,다군,영화방송학과,3,30%,30%,30%,,30%,국어:30% | 수학:30% | 영어:30% | 한국사:30%,
전주대학교,전북,정시,다군,융합 예술심리치료학과,3,30%,30%,30%,,30%,국어:30% | 수학:30% | 영어:30% | 한국사:30%,
전주대학교,전북,정시,다군,시각디자인학과,3,30%,30%,30%,,30%,국어:30% | 수학:30% | 영어:30% | 한국사:30%,
전주대학교,전북,정시,다군,축구학과,2,30%,30%,30%,,30%,국어:30% | 수학:30% | 영어:30% | 한국사:30%,
전주대학교,전북,정시,다군,관광경영학과,2,30%,30%,30%,,30%,국어:30% | 수학:30% | 영어:30% | 한국사:30%,
전주대학교,전북,정시,다군,외식산업조리학과,2,30%,30%,30%,,30%,국어:30% | 수학:30% | 영어:30% | 한국사:30%,
전주대학교,전북,정시,다군,관광 자연 패션산업학과,3,30%,30%,30%,,30%,국어:30% | 수학:30% | 영어:30% | 한국사:30%,
전주대학교,전북,정시,다군,대학 과학 한식조리학과,2,30%,30%,30%,,30%,국어:30% | 수학:30% | 영어:30% | 한국사:30%,
전주대학교,전북,정시,다군,호텔경영학과,2,30%,30%,30%,,30%,국어:30% | 수학:30% | 영어:30% | 한국사:30%,
전주대학교,전북,정시,다군,가정교육과,1,30%,30%,30%,,30%,국어:30% | 수학:30% | 영어:30% | 한국사:30%,
전주대학교,전북,정시,다군,과학교육과,1,30%,30%,30%,,30%,국어:30% | 수학:30% | 영어:30% | 한국사:30%,
전주대학교,전북,정시,다군,국어교육과,1,30%,30%,30%,,30%,국어:30% | 수학:30% | 영어:30% | 한국사:30%,
전주대학교,전북,정시,다군,대학 수학교육과,1,30%,30%,30%,,30%,국어:30% | 수학:30% | 영어:30% | 한국사:30%,
전주대학교,전북,정시,다군,영어교육과,1,30%,30%,30%,,30%,국어:30% | 수학:30% | 영어:30% | 한국사:30%,
전주대학교,전북,정시,다군,중등특수교육과,1,30%,30%,30%,,30%,국어:30% | 수학:30% | 영어:30% | 한국사:30%,
전주대학교,전북,정시,다군,한문교육과,1,30%,30%,30%,,30%,국어:30% | 수학:30% | 영어:30% | 한국사:30%,
전주대학교,전북,정시,다군,창업경영금융학과,13,30%,30%,30%,,30%,국어:30% | 수학:30% | 영어:30% | 한국사:30%,
전주대학교,전북,정시,다군,로컬벤처학부,5,30%,30%,30%,,30%,국어:30% | 수학:30% | 영어:30% | 한국사:30%,
중원대학교,충북,정시,가군,중 과,5,30%,30%,,,,국어:30% | 수학:30%,
중원대학교,충북,정시,가군,인문 자율전공학부,11,30%,30%,,,,국어:30% | 수학:30%,
중원대학교,충북,정시,가군,학생부교과,402,30%,30%,,,,국어:30% | 수학:30%,
중원대학교,충북,정시,가군,학생부교과,78,30%,30%,,,,국어:30% | 수학:30%,
중원대학교,충북,정시,가군,학생부교과,36,30%,30%,,,,국어:30% | 수학:30%,
중원대학교,충북,정시,가군,학생부교과,4,30%,30%,,,,국어:30% | 수학:30%,
중원대학교,충북,정시,가군,학생부교과,3,30%,30%,,,,국어:30% | 수학:30%,
중원대학교,충북,정시,가군,학생부교과,37,30%,30%,,,,국어:30% | 수학:30%,
중원대학교,충북,정시,가군,학생부,60,30%,30%,,,,국어:30% | 수학:30%,
중원대학교,충북,정시,가군,수시모집 전형별 세부,20,30%,30%,,,,국어:30% | 수학:30%,
중원대학교,충북,정시,가군,수시모집 전형별 세부,126,30%,30%,,,,국어:30% | 수학:30%,
중원대학교,충북,정시,가군,문화체육관광부,30,30%,30%,,,,국어:30% | 수학:30%,
중원대학교,충북,정시,가군,산업학과,10,30%,30%,,,,국어:30% | 수학:30%,
중원대학교,충북,정시,가군,레저학부,32,30%,30%,,,,국어:30% | 수학:30%,
중원대학교,충북,정시,가군,과학과,29,30%,30%,,,,국어:30% | 수학:30%,
중원대학교,충북,정시,가군,과학과,8,30%,30%,,,,국어:30% | 수학:30%,
중원대학교,충북,정시,가군,스포츠지도학과,17,30%,30%,,,,국어:30% | 수학:30%,
중원대학교,충북,정시,가군,학생부교과,32,30%,30%,,,,국어:30% | 수학:30%,
중원대학교,충북,정시,가군,학생부교과,12,30%,30%,,,,국어:30% | 수학:30%,
중원대학교,충북,정시,가군,학생부교과,4,30%,30%,,,,국어:30% | 수학:30%,
중원대학교,충북,정시,가군,정시모집 전형별 세부,11,30%,30%,,,,국어:30% | 수학:30%,
중원대학교,충북,정시,가군,학생부교과,2,30%,30%,,,,국어:30% | 수학:30%,
청주대학교,충북,정시,,자유전공학부,52,,35%,40%,25%,,수학:35% | 영어:40% | 탐구:25%,
평택대학교,경기,정시,가군,학생부,0,,100%,,,,수학:100%,
평택대학교,경기,정시,다군,학생부교과 학생부,0,,100%,,,,수학:100%,
한국공학대학교,경기,정시,다군,공학계열 경영학부,2,25%,,,,,국어:25%,
한국공학대학교,경기,정시,가군,성취도만 표기된 과,2,25%,35%,20%,,,국어:25% | 수학:35% | 영어:20%,
한국공학대학교,경기,정시,가군,구술면접 전공,3,25%,35%,20%,,,국어:25% | 수학:35% | 영어:20%,
한국교원대학교,충북,정시,가군,중국어교육과,7,,10%,,,,수학:10%,
한국교원대학교,충북,정시,가군,체육교육과,5,,10%,,,,수학:10%,
한국교원대학교,충북,정시,가군,학년도 신입생 미충원 인원 이월에 따라 교육학과,1,,10%,,,,수학:10%,
한국교원대학교,충북,정시,가군,반드시 조성과,3,,10%,,,,수학:10%,
한국교원대학교,충북,정시,가군,미술교육과,3,,10%,,,,수학:10%,
한국교원대학교,충북,정시,가군,정확한 관찰과,5,,10%,,,,수학:10%,
한국교원대학교,충북,정시,가군,각 등급에 대한 비율은 다음과,3,,10%,,,,수학:10%,
한국기술교육대학교,충남,정시,,인재를 선발하는 학생부교과,118,,100%,,,,수학:100%,
한국기술교육대학교,충남,정시,,학생부,12,,100%,,,,수학:100%,
한국기술교육대학교,충남,정시,,학생부 학생부,192,,100%,,,,수학:100%,
한국기술교육대학교,충남,정시,,전 교육과,149,,100%,,,,수학:100%,
한국기술교육대학교,충남,정시,,학년도 정시모집 동점자 초과,1,,100%,,,,수학:100%,
한국기술교육대학교,충남,정시,,신입생 미충원 인원 이월 및 초과,786,,100%,,,,수학:100%,
한국기술교육대학교,충남,정시,,학생부,12,,100%,,,,수학:100%,
한국기술교육대학교,충남,정시,,학생부,192,,100%,,,,수학:100%,
한국기술교육대학교,충남,정시,,학생부,85,,100%,,,,수학:100%,
한국기술교육대학교,충남,정시,,군 공학융합계열,50,,100%,,,,수학:100%,
한국기술교육대학교,충남,정시,,ICT융합계열,24,,100%,,,,수학:100%,
한국기술교육대학교,충남,정시,,일반전형 사회융합계열,25,,100%,,,,수학:100%,
한국기술교육대학교,충남,정시,,자율전공,38,,100%,,,,수학:100%,
한국기술교육대학교,충남,정시,,자율전공,6,,100%,,,,수학:100%,
한국기술교육대학교,충남,정시,,SW학석사통합 ICT융합계열,6,,100%,,,,수학:100%,
한국기술교육대학교,충남,정시,,전 교육과,935,,100%,,,,수학:100%,
한국기술교육대학교,충남,정시,,ICT융합계열,1,,100%,,,,수학:100%,
한국기술교육대학교,충남,정시,,의해 등급을 부,149,100%,100%,100%,25%,,국어:100% | 수학:100% | 영어:100% | 탐구:25%,
한국외국어대학교,서울,정시,다군,자유전공학부,552,,100%,,,,수학:100%,
한국해양대학교,부산,정시,다군,학 인문사회자율전공학부,1,,20%,,,,수학:20%,
한국해양대학교,부산,정시,다군,학년도 모집결과,2,,20%,,,,수학:20%,
한국해양대학교,부산,정시,다군,학생부교과,85,,20%,,,,수학:20%,
한국해양대학교,부산,정시,다군,학생부교과,776,,20%,,,,수학:20%,
한국해양대학교,부산,정시,다군,학생부교과,116,,20%,,,,수학:20%,
한국해양대학교,부산,정시,다군,학생부,98,,20%,,,,수학:20%,
한국해양대학교,부산,정시,다군,학생부,38,,20%,,,,수학:20%,
한국해양대학교,부산,정시,다군,해양인문사회과,2,,20%,,,,수학:20%,
한국해양대학교,부산,정시,다군,학생부교과,41,,20%,,,,수학:20%,
한국해양대학교,부산,정시,다군,학생부교과,11,,20%,,,,수학:20%,
한국해양대학교,부산,정시,다군,학생부교과,24,,20%,,,,수학:20%,
한국해양대학교,부산,정시,다군,학생부,4,,20%,,,,수학:20%,
한국해양대학교,부산,정시,다군,학생부,5,,20%,,,,수학:20%,
한국해양대학교,부산,정시,다군,학생부,271,,20%,,,,수학:20%,
한국해양대학교,부산,정시,다군,학교폭력 조치사항을 확인하기 위하여 학교생활기록부,0,,20%,,,,수학:20%,
한국해양대학교,부산,정시,다군,일반전형과,0,,20%,,,,수학:20%,
한국해양대학교,부산,정시,다군,일반전형과,0,,20%,,,,수학:20%,
한국해양대학교,부산,정시,다군,학생부,0,,20%,,,,수학:20%,
한국해양대학교,부산,정시,다군,재외국민 수시 인문사회계열,27,,20%,,,,수학:20%,
한림대학교,강원,정시,나군,학생부,84,,,,25%,,탐구:25%,
한림대학교,강원,정시,가군,학생부교과,5,,40%,,25%,,수학:40% | 탐구:25%,
한림대학교,강원,정시,가군,지역의사전형 세부 진료권별 세부,28,,40%,,25%,,수학:40% | 탐구:25%,
한림대학교,강원,정시,가군,학교생활기록부,4,,40%,,25%,,수학:40% | 탐구:25%,
한림대학교,강원,정시,나군,수시 미충원 인원은 정시모집의 체육학과,9,,40%,,25%,,수학:40% | 탐구:25%,
한림대학교,강원,정시,나군,학생부,2,,40%,,25%,,수학:40% | 탐구:25%,
한림대학교,강원,정시,나군,학생부,2,,40%,,25%,,수학:40% | 탐구:25%,
한림대학교,강원,정시,나군,공동체 의식 등 글로벌학부,5,,40%,,25%,,수학:40% | 탐구:25%,
한림대학교,강원,정시,나군,적성 학생부,2,,40%,,25%,,수학:40% | 탐구:25%,
한림대학교,강원,정시,나군,나눔과,2,,40%,,25%,,수학:40% | 탐구:25%,
한림대학교,강원,정시,나군,상황면접 가치관과,2,,40%,,25%,,수학:40% | 탐구:25%,
한밭대학교,대전,정시,나군,공학계열,3,20%,35%,25%,,,국어:20% | 수학:35% | 영어:25%,
한밭대학교,대전,정시,나군,공공행정학과,00,40%,30%,30%,10%,,국어:40% | 수학:30% | 영어:30% | 탐구:10%,
한서대학교,충남,정시,나군,학교생활기록부,18,,100%,,,,수학:100%,
한세대학교,경기,정시,,국어 수학 사회 과,152,,,,,5%,한국사:5%,
한세대학교,경기,정시,,영어전공,11,,,,,5%,한국사:5%,
